{
  "timestamp": "2025-12-26T00:17:21.666146",
  "bruteforce": {
    "times": [
      3.409385681152344e-05,
      5.650520324707031e-05,
      7.216135660807292e-05,
      0.00010267893473307292,
      0.00024040540059407553,
      0.0001430511474609375,
      0.0005355676015218099,
      0.0013477802276611328
    ],
    "memory": [
      89.60677083333333,
      89.59765625,
      89.62109375,
      89.6953125,
      89.68229166666667,
      89.68489583333333,
      89.69270833333333,
      89.6875
    ],
    "vars": [
      3,
      4,
      5,
      6,
      7,
      8,
      9,
      10
    ],
    "clauses": [
      6,
      8,
      10,
      12,
      14,
      16,
      18,
      20
    ]
  },
  "backtracking": {
    "times": [
      3.0835469563802086e-05,
      4.6412150065104164e-05,
      6.969769795735677e-05,
      0.0001452763875325521,
      0.00013224283854166666,
      0.0002346038818359375,
      0.00038202603658040363,
      0.0011283556620279949
    ],
    "memory": [
      89.62109375,
      89.59375,
      89.62109375,
      89.6953125,
      89.68229166666667,
      89.69401041666667,
      89.6875,
      89.68359375
    ],
    "vars": [
      3,
      4,
      5,
      6,
      7,
      8,
      9,
      10
    ],
    "clauses": [
      6,
      8,
      10,
      12,
      14,
      16,
      18,
      20
    ]
  }
}